equipmentId,description,type,counter
PE12ACBD0001,Barn-door 4 sides Profoto,Profoto,0
PE13ACEC1001,Pro lamp extention cable 10m.,Profoto,0
PE15ACEC1002,Pro lamp extention cable 10m.,Profoto,0
PE12ACHG1001,Honeycomb Grid 10 for D1,Profoto,0
PE12ACHG0001-1234,Grid Kit 5 10 & 20 + bag Profoto,Profoto,0
PE14ACHG0002-1234,Grid Kit 5 10 & 20 + bag Profoto,Profoto,0
PE15ACHG0003-1234,Grid Kit 5 10 & 20 No bag,Profoto,0
PE15ACGH0001,Profoto Grid/filter Holder,Profoto,0
PE12ACHG2001,Honeycomb Grid 25 for softlight,Profoto,0
PE13ACMR0001,Magnum reflector,Profoto,0
PE12ACRA0001,Speedring Adapter Profoto,Profoto,0
PE12ACRA0003,Speedring Adapter Profoto,Profoto,0
PE12ACRA0004,Speedring Adapter Profoto,Profoto,0
PE12ACRA0005,Speedring Adapter Profoto,Profoto,0
PE12ACRA0006,Speedring Adapter,Profoto,0
PE12ACRA0007,RFi Speedring Adapter,Profoto,0
PE12ACRA0008,RFi Speedring Adapter,Profoto,0
PE15ACRA0009,RFi Speedring Adapter,Profoto,0
PE15ACRA0010,RFi Speedring Adapter,Profoto,0
PE15ACRA0011,RFi Speedring Adapter,Profoto,0
PE15ACRA0012,RFi Speedring Adapter,Profoto,0
PE15ACRA0013,RFi Speedring Adapter,Profoto,0
PE15ACRA0014,RFi Speedring Adapter,Profoto,0
PE15ACRA0015,RFi Speedring Adapter,Profoto,0
PE12ACSL0001,Softlight Reflector Silver 26 Profoto,Profoto,0
PE15ACSL1001,Softlight White (Beauty Dish) Profoto,Profoto,0
PE12ACSN0001,Snoot Profoto,Profoto,0
PE12LHMN1001-12,D1 Studio Kit หัวMono 500,Profoto,0
PE12LHMN1002-12,D1 Studio Kit หัวMono 500,Profoto,0
PE12LHMN1003-12,D1 Studio Kit หัวMono 500,Profoto,0
PE15LHMN1004-12,D1 Studio Kit หัวMono 500,Profoto,0
PE12LHMN2001-12,D1 Studio Kit หัวMono 1000,Profoto,0
PE12LHMN2002-12,D1 Studio Kit หัวMono 1000,Profoto,0
PE12LHMN2003-12,D1 Studio Kit หัวMono 1000,Profoto,0
PE12LHMN2004-12,D1 Studio Kit หัวMono 1000,Profoto,0
PE15LHMN2005-12,D1 Studio Kit หัวMono 1000,Profoto,0
PE15LHMN2006-12,D1 Studio Kit หัวMono 1000,Profoto,0
PE12LHPH0001-1234,ProHead,Profoto,0
PE12LHPH0002-1234,ProHead,Profoto,0
PE12LHPH0003-1234,ProHead,Profoto,0
PE12LHPH0004-1234,ProHead,Profoto,0
PE13LHPH0005-1234,ProHead,Profoto,0
PE13LHPH0006-1234,ProHead,Profoto,0
PE15LHPH0007-1234,ProHead Plus UV,Profoto,0
PE15LHPH0008-1234,ProHead Plus UV,Profoto,0
PE15LHPH0009-1234,ProHead Plus UV,Profoto,0
PE15LHPH0010-1234,ProHead Plus UV,Profoto,0
PE15LHPH0011-1234,ProHead Plus UV,Profoto,0
PE15LHPH0012-1235,ProHead Plus UV,Profoto,0
PE15LHBH0001-123,Pro-B head (for mobile only),Profoto,0
PE15LHBH0002-123,Pro-B head (for mobile only),Profoto,0
PE15LHBH0003-123,Pro-B head (for mobile only),Profoto,0
PE15LHBH0004-123,Pro-B head (for mobile only),Profoto,0
PE15LHRF0001,Pro Ring2,Profoto,0
PE13MPPF2001,Pro-B3Air 1200 Mobile,Profoto,0
PE15MPPF2002,Pro-B3Air 1200 Mobile,Profoto,0
PE12PPPF2001,Pro-8a 2400 AirEUR,Profoto,0
PE12PPPF2002,Pro-8a 2400 AirEUR,Profoto,0
PE15PPPF2003,Pro-8a 2400 AirEUR (Shriro Demo),Profoto,0
PE15PPPF2004,Pro-8a 2400 AirEUR,Profoto,0
PE15PPPF2005,Pro-8a 2400 AirEUR,Profoto,0
PE15PPPF2006,Pro-8a 2400 AirEUR,Profoto,0
PE13OTMB0001,B3 battery,Profoto,0
PE13OTMB0002,B3 battery,Profoto,0
PE14OTMB0003,B3 battery,Profoto,0
PE15OTMB0004,B3 battery,Profoto,0
PE15OTMB0005,B3 battery,Profoto,0
PE13OTBC0001,B3 battery charger,Profoto,0
PE15OTBC0002,B3 battery charger,Profoto,0
PE13ACBD1001,Barn-door P-70 Broncolor,Broncolor,0
PE14ACEC2001,Bronc lamp extention cable 5m.,Broncolor,0
PE13ACHG1001-1234,Grid Kit P-70+bag Broncolor,Broncolor,0
PE13ACRA1001,Broncolor Adapter (Pulso),Broncolor,0
PE13ACRA1002,Broncolor Adapter (Pulso),Broncolor,0
PE13ACRA1003,Broncolor Adapter (Pulso),Broncolor,0
PE13ACRA1004,Broncolor Adapter (Pulso),Broncolor,0
PE13ACSL1001-13,Softlight P-Soft+Bag,Broncolor,0
PE13ACSL1001-2,Diffusor for P-Soft,Broncolor,0
PE13ACSN1001,Snoot Broncolor,Broncolor,0
PE13ACUR0001,Umbrella Reflector,Broncolor,0
PE13ACUR0002,Umbrella Reflector,Broncolor,0
PE13ACUR0003,Umbrella Reflector,Broncolor,0
PE13ACUR0004,Umbrella Reflector,Broncolor,0
PE13LHMC2001-12,Minicom160,Broncolor,0
PE13LHMC2002-12,Minicom160,Broncolor,0
PE13LHPG0001-123,Lamp Base Pulso G+reflector,Broncolor,0
PE13LHPG0002-123,Lamp Base Pulso G+reflector,Broncolor,0
PE13LHPG0003-123,Lamp Base Pulso G+reflector,Broncolor,0
PE13LHPG0004-123,Lamp Base Pulso G+reflector,Broncolor,0
PE13PPBC3001,Broncolor ScoroE 3200,Broncolor,0
PE13PPBC3002,Broncolor ScoroE 3200,Broncolor,0
PE12ACEP0001,Extension power strip (ปลั๊กพ่วง),Accessories,0
PE12ACEP0002,Extension power strip (ปลั๊กพ่วง),Accessories,0
PE12ACEP0003,Extension power strip (ปลั๊กพ่วง),Accessories,0
PE12ACEP0004,Extension power strip (ปลั๊กพ่วง),Accessories,0
PE12ACEP0005,Extension power strip (ปลั๊กพ่วง),Accessories,0
PE12ACEP0006,Extension power strip (ปลั๊กพ่วง),Accessories,0
PE12ACEP0007,Extension power strip (ปลั๊กพ่วง),Accessories,0
PE12ACEP0008,Extension power strip (ปลั๊กพ่วง),Accessories,0
PE12ACEP0009,Extension power strip (ปลั๊กพ่วง),Accessories,0
PE12ACEP0010,Extension power strip (ปลั๊กพ่วง),Accessories,0
PE14ACEP0011,Extension power strip (ปลั๊กพ่วง),Accessories,0
PE14ACEP0012,Extension power strip (ปลั๊กพ่วง),Accessories,0
PE14ACEP0013,Extension power strip (ปลั๊กพ่วง),Accessories,0
PE14ACEP0014,Extension power strip (ปลั๊กพ่วง),Accessories,0
PE14ACEP0015,Extension power strip (ปลั๊กพ่วง),Accessories,0
PE14ACEP0016,Extension power strip (ปลั๊กพ่วง),Accessories,0
PE14ACEP0017,Extension power strip (ปลั๊กพ่วง),Accessories,0
PE14ACEP0018,Extension power strip (ปลั๊กพ่วง),Accessories,0
PE14ACEP0019,Extension power strip (ปลั๊กพ่วง),Accessories,0
PE15ACEP0020,Extension power strip (ปลั๊กพ่วง),Accessories,0
PE15ACEP0021,Extension power strip (ปลั๊กพ่วง),Accessories,0
PE15ACEP0022,Extension power strip (ปลั๊กพ่วง),Accessories,0
PE15ACEP0023,Extension power strip (ปลั๊กพ่วง),Accessories,0
PE15ACEP0024,Extension power strip (ปลั๊กพ่วง),Accessories,0
PE15ACEP0025,Extension power strip (ปลั๊กพ่วง),Accessories,0
PE15ACEP0026,Extension power strip (ปลั๊กพ่วง),Accessories,0
PE15ACEP0027,Extension power strip (ปลั๊กพ่วง),Accessories,0
PE15ACEP0028,Extension power strip (ปลั๊กพ่วง),Accessories,0
PE12ACOT1001-123,Softbox Rimelight Octa 90 cm,Accessories,0
PE12ACOT2001-123,Softbox Profoto Octa 150 cm,Accessories,0
PE15ACOT2003-123,Softbox Profoto Octa 150 cm,Accessories,0
PE12ACSB0001-123,Softbox Profoto 40x60 cm/1.3x2,Accessories,0
PE12ACSB1001-123,Softbox Profoto 60x90 cm/2x3,Accessories,0
PE12ACSB2001-123,Softbox Rimelight Reg 90x120 cm,Accessories,0
PE12ACSB2002-123,Softbox Rimelight Reg 90x120 cm,Accessories,0
PE13ACSB2003-123,Softbox Rimelight Reg 90x120 cm,Accessories,0
PE13ACSB2004-123,Softbox Rimelight Reg 90x120 cm,Accessories,0
PE15ACSB2005-123,Softbox Rimelight Reg 90x120 cm,Accessories,0
PE13ACSB4001-123,Softbox Rimelight 140x200 cm,Accessories,0
PE12ACST0001-123,Softbox Profoto 30x120cm (strip),Accessories,0
PE12ACST0002-123,Softbox Profoto 30x120cm (strip),Accessories,0
PE13ACST0003-123,Softbox Profoto 30x120cm (strip),Accessories,0
PE13ACST0004-123,Softbox Profoto 30x120cm (strip),Accessories,0
PE15ACST1001-123,Softbox Profoto 30x180cm (strip),Accessories,0
PE15ACST1002-123,Softbox Profoto 30x180cm (strip),Accessories,0
PE15ACSG0001,Soft Grid 50 for Strip 1x4,Accessories,0
PE15ACSG0002,Soft Grid 50 for Strip 1x4,Accessories,0
PE12OTTU2001-12,Rimelite Translucent umbrella,Accessories,0
PE12OTTU2002-12,Rimelite Translucent umbrella,Accessories,0
PE12OTTU2003-12,Rimelite Translucent umbrella,Accessories,0
PE12OTTU2004-12,Rimelite Translucent umbrella,Accessories,0
PE14OTTU2005-12,Rimelite Translucent umbrella,Accessories,0
PE14OTTU2006-12,Rimelite Translucent umbrella,Accessories,0
PE14OTTU2007-12,Rimelite Translucent umbrella,Accessories,0
PE14OTTU2008-12,Rimelite Translucent umbrella,Accessories,0
PE14OTTU2009-1-2,Rimelite Translucent umbrella,Accessories,0
PE14OTTU2010-12,Rimelite Translucent umbrella,Accessories,0
PE14OTTU2011-12,Rimelite Translucent umbrella,Accessories,0
PE14OTTU2012-1-2,Rimelite Translucent umbrella,Accessories,0
PE14OTSU2001-12,Silver umbrella,Accessories,0
PE14OTSU2002-12,Silver umbrella,Accessories,0
PE14OTSU2003-12,Silver umbrella,Accessories,0
PE12OTWU1001-12,D1 Studio Kit White umbrella 85cm,Accessories,0
PE12OTWU1002-12,D1 Studio Kit White umbrella 85cm,Accessories,0
PE12OTWU1003-12,D1 Studio Kit White umbrella 85cm,Accessories,0
PE12OTWU1004-12,D1 Studio Kit White umbrella 85cm,Accessories,0
PE12OTWU2001-12,Rimelite White umbrella 105cm,Accessories,0
PE12OTWU2002-12,Rimelite White umbrella 105cm,Accessories,0
PE13OTWU2003-12,Rimelite White umbrella 105cm,Accessories,0
PE13OTWU2004-12,Rimelite White umbrella 105cm,Accessories,0
PE13OTSC0001,Manfrotto 035 Super Clamp,Accessories,0
PE13OTSC0002,Manfrotto 035 Super Clamp,Accessories,0
PE12LSBS0001-12,Backlite Stand,Light stand,0
PE12LSBS0002-12,Backlite Stand,Light stand,0
PE12LSCT2001-12,Century Stand,Light stand,0
PE12LSCT2002-12,Century Stand,Light stand,0
PE12LSCT2003-12,Century Stand,Light stand,0
PE12LSCT2004-12,Century Stand,Light stand,0
PE12LSCT2005-12,Century Stand,Light stand,0
PE12LSCT2006-12,Century Stand,Light stand,0
PE12LSCT2007-12,Century Stand,Light stand,0
PE12LSCT2008-12,Century Stand,Light stand,0
PE12LSCT2009-12,Century Stand,Light stand,0
PE12LSCT2010-12,Century Stand,Light stand,0
PE12LSCT2011-12,Century Stand,Light stand,0
PE12LSCT2012-12,Century Stand,Light stand,0
PE13LSCT2013-12,Century Stand,Light stand,0
PE13LSCT2014-12,Century Stand,Light stand,0
PE13LSCT2015-12,Century Stand,Light stand,0
PE13LSCT2016-12,Century Stand,Light stand,0
PE13LSCT2017-12,Century Stand,Light stand,0
PE13LSCT2018-12,Century Stand,Light stand,0
PE13LSCT2019-12,Century Stand,Light stand,0
PE13LSCT2020-12,Century Stand,Light stand,0
PE15LSCT2021-12,Century Stand,Light stand,0
PE15LSCT2022-12,Century Stand,Light stand,0
PE15LSCT2023-12,Century Stand,Light stand,0
PE15LSCT2024-12,Century Stand,Light stand,0
PE15LSCT2025-12,Century Stand,Light stand,0
PE15LSCT2026-12,Century Stand,Light stand,0
PE15LSCT2027-12,Century Stand,Light stand,0
PE15LSCT2028-12,Century Stand,Light stand,0
PE15LSCT2029-12,Century Stand,Light stand,0
PE15LSCT2030-12,Century Stand,Light stand,0
PE15LSCT2031-12,Century Stand,Light stand,0
PE15LSCT2032-12,Century Stand,Light stand,0
PE15LSCT2033-12,Century Stand,Light stand,0
PE15LSCT2034-12,Century Stand,Light stand,0
PE15LSCT2035-12,Century Stand,Light stand,0
PE12LSMS2001,D1 Studio Kit Master stand 2 ท่อน,Light stand,0
PE12LSMS2002,D1 Studio Kit Master stand 2 ท่อน,Light stand,0
PE12LSMS2003,D1 Studio Kit Master stand 2 ท่อน,Light stand,0
PE12LSMS2004,D1 Studio Kit Master stand 2 ท่อน,Light stand,0
PE12LSMS2005,D1 Studio Kit Master stand 2 ท่อน,Light stand,0
PE12LSMS2006,D1 Studio Kit Master stand 2 ท่อน,Light stand,0
PE12LSMS2007,D1 Studio Kit Master stand 2 ท่อน,Light stand,0
PE15LSMS2008,D1 Studio Kit Master stand 2 ท่อน,Light stand,0
PE15LSMS2009,D1 Studio Kit Master stand 2 ท่อน,Light stand,0
PE15LSMS2010,D1 Studio Kit Master stand 2 ท่อน,Light stand,0
PE12LSMS3001,Manfrotto Master Stand,Light stand,0
PE12LSMS3002,Manfrotto Master Stand,Light stand,0
PE12LSMS3003,Manfrotto Master Stand,Light stand,0
PE12LSMS3004,Manfrotto Master Stand,Light stand,0
PE13LSMS3005,Manfrotto Master Stand,Light stand,0
PE13LSMS3006,Manfrotto Master Stand,Light stand,0
PE13LSMS3007,Manfrotto Master Stand,Light stand,0
PE13LSMS3008,Manfrotto Master Stand,Light stand,0
PE13LSMS3009,Manfrotto Master Stand,Light stand,0
PE13LSMS3010,Manfrotto Master Stand,Light stand,0
PE13LSMS3011,Manfrotto Master Stand,Light stand,0
PE13LSMS3012,Manfrotto Master Stand,Light stand,0
PE15LSMS3013,Manfrotto Master Stand,Light stand,0
PE15LSMS3014,Manfrotto Master Stand,Light stand,0
PE15LSMS3015,Manfrotto Master Stand,Light stand,0
PE15LSMS3016,Manfrotto Master Stand,Light stand,0
PE15LSMS3017,Manfrotto Master Stand,Light stand,0
PE15LSMS3018,Manfrotto Master Stand,Light stand,0
PE15LSMS3019,Manfrotto Master Stand,Light stand,0
PE15LSMS3020,Manfrotto Master Stand,Light stand,0
PE13LSSB0001-123,Superboom Manfrotto,Light stand,0
PE13LSSB0002-123,Superboom Manfrotto,Light stand,0
PE15LSSB0003-123,Superboom Manfrotto,Light stand,0
PE15LSSB0004-123,Superboom Manfrotto,Light stand,0
PE15LS5K0001,5K stand,Light stand,0
PE15LS5K0002,5K stand,Light stand,0
PE13LBCG0001,Limbo - Charcoal Gray,Limbo,0
PE14LBCG0002,Limbo - Charcoal Gray,Limbo,0
PE15LBCG0003,Limbo - Charcoal Gray,Limbo,0
PE12LBFG0001,Limbo - Focus Gray,Limbo,0
PE13LBSG0001,Limbo - Storm Gray,Limbo,0
PE13LBSB0001,Limbo - Super Black,Limbo,0
PE13LBPR0001,Limbo - Primery Red,Limbo,0
PE14LBCR0001,Limbo - Crimson Red,Limbo,0
PE14LBSW0005,Limbo - Super White,Limbo,0
PE14LBSW0006,Limbo - Super White,Limbo,0
PE15LBSW0007,Limbo - Super White,Limbo,0
PE15LBSW0008,Limbo - Super White,Limbo,0
PE14LBBB0001,Limbo - Baby Blue,Limbo,0
PE15LBSB0001,Limbo - Sky Blue,Limbo,0
PE15LBST0001,Limbo - Studio Blue,Limbo,0
PE13LBTB0001,Limbo - True Blue,Limbo,0
PE14LBTG0001,Limbo - Tech Green,Limbo,0
PE13LBCY0001,Limbo - Canary yellow,Limbo,0
PE15LBDY0001,Limbo - Deep Yellow,Limbo,0
PE14LBCP0001,Limbo - Coral pink,Limbo,0
PE15LBCP0002,Limbo - Coral pink,Limbo,0
PE13LBTL0001,Limbo - Tulip pink,Limbo,0
PE14LBOP0001,Limbo - Orchid,Limbo,0
PE14LBBE0001,Limbo - Beige,Limbo,0
PE15LBOR0001,Limbo - Orange,Limbo,0
PE14OTAB0001,Blower,Other,0
PE12OTAR0001,Profoto Air Remote,Other,0
PE12OTAR0002,Profoto Air Remote,Other,0
PE12OTAR0003,Profoto Air Remote,Other,0
PE12OTAR0004,Profoto Air Remote,Other,0
PE13OTAR0007,Profoto Air Remote,Other,0
PE15OTAR0008,Profoto Air Remote,Other,0
PE12OTAU0001,Profoto Air USB,Other,0
PE12OTAS0001,A-stand,Other,0
PE12OTAS0002,A-stand,Other,0
PE12OTAS0003,A-stand,Other,0
PE12OTAS0004,A-stand,Other,0
PE12OTGB1001,โกโบ้ 18x12,Other,0
PE12OTGB1002,โกโบ้ 18x12,Other,0
PE12OTGB2001,โกโบ้ 24x18,Other,0
PE12OTGB2002,โกโบ้ 24x18,Other,0
PE12OTGB3001,โกโบ้ 36x24,Other,0
PE12OTGB3002,โกโบ้ 36x24,Other,0
PE15OTGB3003,โกโบ้ 36x24,Other,0
PE15OTGB3004,โกโบ้ 36x24,Other,0
PE12OTKB0001,D1 Kit Bag,Other,0
PE12OTKB0002,D1 Kit Bag,Other,0
PE12OTKB0003,D1 Kit Bag(ล้อลาก),Other,0
PE12OTLB0001,กระเป๋าใส่ขาไฟ,Other,0
PE12OTLB0002,กระเป๋าใส่ขาไฟ,Other,0
PE12OTLB0003,กระเป๋าใส่ขาไฟ,Other,0
PE12OTLB0004,กระเป๋าใส่ขาไฟ,Other,0
PE14OTLB0005,กระเป๋าใส่ขาไฟ,Other,0
PE14OTLB0006,กระเป๋าใส่ขาไฟ,Other,0
PE14OTLB0007,กระเป๋าใส่ขาไฟ,Other,0
PE14OTLB0008,กระเป๋าใส่ขาไฟ,Other,0
PE14OTCB0001,กระเป๋าใส่ Macbook,Other,0
PE13OTLM0001,เครื่องวัดแสง,Other,0
PE12OTPB0001,Pelican size L 1620,Other,0
PE12OTPB0002,Pelican size L 1620,Other,0
PE12OTPC0001,Power cable for Mono,Other,0
PE12OTPC0002,Power cable for Mono,Other,0
PE12OTPC0003,Power cable for Mono,Other,0
PE12OTPC0004,Power cable for Mono,Other,0
PE12OTPC0005,Power cable for pack,Other,0
PE12OTPC0006,Power cable for pack,Other,0
PE12OTPC0007,Power cable for D1/Acute/Compact,Other,0
PE12OTPC0008,Power cable for D1/Acute/Compact,Other,0
PE12OTPC0009,Power cable for D1/Acute/Compact,Other,0
PE13OTPC1001,Power cable for Minicom,Other,0
PE13OTPC1002,Power cable for Minicom,Other,0
PE13OTPC1003,Power cable for pack Broncolor,Other,0
PE13OTPC1004,Power cable for pack Broncolor,Other,0
PE12OTRF2001-123,Reflector 5in1,Other,0
PE12OTRF2002-123,Reflector 5in1,Other,0
PE15OTRF2003-123,Reflector 5in1,Other,0
PE15OTRF2004-123,Reflector 5in1,Other,0
PE13OTTB0001,Tripod bag Manfrotto,Other,0
PE13OTTC1001,Transceiver RSF2 Broncolor,Other,0
PE13OTTC1002,Transceiver RSF2 Broncolor,Other,0
PE13OTUH0001-12,Manfrotto 039 U Hooks,Other,0
YR01,ถุงทรายสีเหลือง-แดง,Other,0
YR02,ถุงทรายสีเหลือง-แดง,Other,0
YR03,ถุงทรายสีเหลือง-แดง,Other,0
YR04,ถุงทรายสีเหลือง-แดง,Other,0
YR05,ถุงทรายสีเหลือง-แดง,Other,0
PG01,ถุงทรายสีชมพู-เขียว,Other,0
PG02,ถุงทรายสีชมพู-เขียว,Other,0
PG03,ถุงทรายสีชมพู-เขียว,Other,0
PG04,ถุงทรายสีชมพู-เขียว,Other,0
PG05,ถุงทรายสีชมพู-เขียว,Other,0
OB01,ถุงทรายสีส้ม-น้ำเงิน,Other,0
OB02,ถุงทรายสีส้ม-น้ำเงิน,Other,0
OB03,ถุงทรายสีส้ม-น้ำเงิน,Other,0
OB04,ถุงทรายสีส้ม-น้ำเงิน,Other,0
OB05,ถุงทรายสีส้ม-น้ำเงิน,Other,0
BG01,ถุงทรายสีดำ-เทา,Other,0
BG02,ถุงทรายสีดำ-เทา,Other,0
BG03,ถุงทรายสีดำ-เทา,Other,0
BG04,ถุงทรายสีดำ-เทา,Other,0
BG05,ถุงทรายสีดำ-เทา,Other,0
BG06,ถุงทรายสีดำ-เทา,Other,0
BG07,ถุงทรายสีดำ-เทา,Other,0
BG08,ถุงทรายสีดำ-เทา,Other,0
BG09,ถุงทรายสีดำ-เทา,Other,0
BG10,ถุงทรายสีดำ-เทา,Other,0
YP01,ถุงทรายสีเหลือง-ม่วง,Other,0
YP02,ถุงทรายสีเหลือง-ม่วง,Other,0
YP03,ถุงทรายสีเหลือง-ม่วง,Other,0
YP04,ถุงทรายสีเหลือง-ม่วง,Other,0
YP05,ถุงทรายสีเหลือง-ม่วง,Other,0
YP06,ถุงทรายสีเหลือง-ม่วง,Other,0
YP07,ถุงทรายสีเหลือง-ม่วง,Other,0
YP08,ถุงทรายสีเหลือง-ม่วง,Other,0
YP09,ถุงทรายสีเหลือง-ม่วง,Other,0
YP10,ถุงทรายสีเหลือง-ม่วง,Other,0
BB01,ถุงทรายฟ้า-น้ำตาล,Other,0
BB02,ถุงทรายฟ้า-น้ำตาล,Other,0
BB03,ถุงทรายฟ้า-น้ำตาล,Other,0
BB04,ถุงทรายฟ้า-น้ำตาล,Other,0
BB05,ถุงทรายฟ้า-น้ำตาล,Other,0
BB06,ถุงทรายฟ้า-น้ำตาล,Other,0
BB07,ถุงทรายฟ้า-น้ำตาล,Other,0
BB08,ถุงทรายฟ้า-น้ำตาล,Other,0
BB09,ถุงทรายฟ้า-น้ำตาล,Other,0
BB10,ถุงทรายฟ้า-น้ำตาล,Other,0
PE14OTOB4001,ถุงทราย Mobile (ใส่ทรายเอง),Other,0
PE14OTOB4002,ถุงทราย Mobile (ใส่ทรายเอง),Other,0
PE14OTOB4003,ถุงทราย Mobile (ใส่ทรายเอง),Other,0
PE14OTOB4004,ถุงทราย Mobile (ใส่ทรายเอง),Other,0
PE14OTOB4005,ถุงทราย Mobile (ใส่ทรายเอง),Other,0
PE14OTOB4006,ถุงทราย Mobile (ใส่ทรายเอง),Other,0
PE12OTSM0001,ผ้าสคริม 12x12,Other,0
PE12OTSY0001,Sync Cable for pack,Other,0
PE12OTSY0002,Sync Cable for pack,Other,0
PE13OTSY0003,Sync Cable for pack(mobile),Other,0
PE15OTSY0004,Sync Cable for pack(mobile),Other,0
PE13OTSY1001,Sync Cord 5m Broncolor,Other,0
PE13OTSY1002,Sync Cord 5m Broncolor,Other,0
PE12OTTS0001-12,Radio Slave Trigger set,Other,0
PE12OTTS0002-12,Radio Slave Trigger set,Other,0
PE15OTSF0001,Studio Fan Fokon,Other,0
PE14CMCR0001-12,Card reader and USB,Camera and related,0
PE15CMCB3001,Camera Body Canon 5DMarkIII,Camera and related,0
PE15CMCL0001,Canon Lens 24-70,Camera and related,0
PE15CMCL1001,Canon Lens 70-200,Camera and related,0
PE13CMTP0001,Camera Tripod,Camera and related,0
PE15CMTP0002,Camera Tripod,Camera and related,0
PE13CMGH0001-12,Gear Head for Tripod+plate,Camera and related,0
PE14CMPH0001-12,Pan Head for Tripod+plate,Camera and related,0
PE15CMPH0002-12,Pan Head for Tripod+plate,Camera and related,0
PE13CMIM3001-123,"Computer iMac 27""",Camera and related,0
PE15CMIM3002-123,"Computer iMac 27""",Camera and related,0
PE15CMIM3003-123,"Computer iMac 27""",Camera and related,0
PE14CMMB3001,"Computer Mac Book 17""",Camera and related,0
PE15CMEB0001,External Battery for Mac Book,Camera and related,0
PE14CMRP0001,Repeater,Camera and related,0
PE14CMDW0001-12,External DVD Writer,Camera and related,0
PE14CMUP3001-12,UPS 1000VA/800W+power cable,Camera and related,0
PE15CMUP2001-12,UPS 1000VA/630W+power cable,Camera and related,0
PE15CMWC2001-12,Wacom Intuos Pro,Camera and related,0
OE12TRPL1001,รถเข็นเหล็ก,Misc,0